MinTemp,MaxTemp,Rainfall,Evaporation,Sunshine,WindGustSpeed,WindSpeed9am,WindSpeed3pm,Humidity9am,Humidity3pm,Pressure9am,Pressure3pm,Cloud9am,Cloud3pm,Temp9am,Temp3pm,RainToday,RISK_MM,RainTomorrow
8,24.3,0,1.481604541,1.987874348,30,1.945910149,3.044522438,4.234106505,3.401197382,6.928243945,6.923628628,2.079441542,2.079441542,2.734367509,3.202746443,0,0.405465108,1
14,26.9,0.405465108,1.686398954,2.370243741,39,1.609437912,2.890371758,4.394449155,3.610917913,6.921066293,6.917111374,1.791759469,1.386294361,2.917770732,3.284663565,1,0.405465108,1
13.7,23.4,0.405465108,1.916922612,1.458615023,68.5,1.945910149,1.945910149,4.418840608,4.248495242,6.918200537,6.915921842,2.197224577,2.079441542,2.797281335,3.054001182,1,0.405465108,1
13.3,15.5,0.405465108,2.104134154,2.312535424,54,3.198673118,3.218875825,4.143134726,4.043051268,6.914234245,6.915723449,1.098612289,2.079441542,2.674148649,2.714694744,1,0.405465108,1
7.6,16.1,0.405465108,1.887069649,2.451005098,50,3.044522438,3.36729583,4.234106505,3.912023005,6.926871396,6.92706759,2.079441542,2.079441542,2.493205453,2.797281335,1,0,0
6.2,16.9,0,1.916922612,2.219203484,44,3.044522438,3.218875825,4.262679877,4.060443011,6.932252751,6.930201468,2.079441542,1.791759469,2.4765384,2.76000994,0,0.182321557,0
6.1,18.2,0.182321557,1.648658626,2.240709689,43,2.995732274,3.295836866,4.158883083,3.871201011,6.933033086,6.93069025,1.609437912,1.945910149,2.595254707,2.90690106,0,0,0
8.3,17,0,1.887069649,1.722766598,41,2.48490665,3.218875825,4.189654742,4.060443011,6.934591933,6.932642994,1.945910149,2.079441542,2.57261223,2.803360381,0,0,0
8.8,19.5,0,1.609437912,1.62924054,48,2.995732274,2.890371758,4.262679877,3.891820298,6.934494576,6.931178794,2.079441542,2.079441542,2.714694744,2.990719732,0,0.405465108,1
8.4,22.8,0.405465108,1.85629799,2.163323026,31,2.079441542,1.945910149,4.418840608,3.496507561,6.932545448,6.929223186,2.079441542,0.693147181,2.660259537,3.122364924,1,0,0
9.1,25.2,0,1.648658626,2.557227311,30,1.945910149,2.302585093,4.317488114,3.555348061,6.932838059,6.929614613,0.693147181,1.098612289,2.747270914,3.218875825,0,0.182321557,0
8.5,27.3,0.182321557,2.104134154,2.602689685,41,1.098612289,2.772588722,4.007333185,3.583518938,6.932252751,6.92843987,0,1.386294361,2.879198457,3.295836866,0,0,0
10.1,27.9,0,2.104134154,2.63905733,30,1.945910149,2.079441542,4.143134726,3.401197382,6.930494766,6.925693424,0,0.693147181,2.890371758,3.335769576,0,0,0
12.1,30.9,0,1.974081026,2.595254707,44,2.079441542,3.044522438,4.219507705,3.044522438,6.925889849,6.921756799,0.693147181,1.609437912,3.0301337,3.456316681,0,0,0
10.1,31.2,0,2.282382386,2.646174797,41,1.945910149,3.044522438,3.828641396,2.833213344,6.926773285,6.922348281,0,0.693147181,2.980618636,3.446807893,0,0,0
12.4,32.1,0,2.240709689,2.493205453,46,2.079441542,2.302585093,4.262679877,3.135494216,6.926478893,6.921460926,0,1.386294361,3.000719815,3.456316681,0,0,0
13.8,31.2,0,2.104134154,2.240709689,44,1.945910149,2.995732274,4.290459441,3.17805383,6.923037903,6.918497376,2.079441542,1.945910149,3.054001182,3.42751469,0,0.405465108,1
11.7,30,0.405465108,2.104134154,2.406945108,52,1.945910149,2.48490665,4.094344562,3.295836866,6.925005632,6.921658184,0.693147181,1.791759469,3.04927304,3.387774361,1,0.405465108,0
12.4,32.3,0.405465108,2.128231706,2.63905733,39,1.609437912,2.890371758,4.110873864,3.258096538,6.925693424,6.921953998,0.693147181,1.386294361,3.054001182,3.471966453,0,0,0
15.6,33.4,0,2.197224577,2.433613355,33,1.098612289,2.63905733,4.127134385,3.33220451,6.92706759,6.922348281,0,0.693147181,3.169685581,3.496507561,0,0,0
15.3,33.4,0,2.282382386,2.351375257,59,1.098612289,3.465735903,4.110873864,3.295836866,6.921066293,6.915227294,0.693147181,1.791759469,3.144152279,3.520460802,0,0.336472237,0
16.4,19.4,0.336472237,2.32238772,0,26,1.945910149,2.48490665,4.48863637,4.290459441,6.919387363,6.917606595,2.197224577,2.197224577,2.862200881,2.960105096,0,0.405465108,1
12.8,18.5,0.405465108,1.335001067,0.470003629,28,2.63905733,2.63905733,4.521788577,4.382026635,6.922643891,6.923530198,2.197224577,2.197224577,2.708050201,2.879198457,1,0.336472237,0
12,24.3,0.336472237,0.78845736,2.140066163,26,1.945910149,2.302585093,4.317488114,4.060443011,6.929223186,6.927753965,2.079441542,1.791759469,2.93385687,3.169685581,0,0,0
15.4,28.4,0,1.686398954,2.208274414,33,2.302585093,2.772588722,4.454347296,3.465735903,6.930885696,6.927165673,2.197224577,1.098612289,2.879198457,3.342861805,0,0,0
15.6,26.9,0,2.054123734,2.292534757,41,1.945910149,3.135494216,4.189654742,3.891820298,6.928243945,6.925103917,1.098612289,1.609437912,3.034952987,3.261935314,0,0.182321557,0
13.3,22.2,0.182321557,2.028148247,1.193922468,39,3.044522438,2.890371758,4.262679877,4.025351691,6.929516771,6.927165673,2.079441542,2.079441542,2.862200881,3.100092289,0,0,0
12.9,28,0,1.686398954,2.459588842,52,1.945910149,2.48490665,4.127134385,3.465735903,6.927753965,6.923431758,1.791759469,2.079441542,2.985681938,3.321432413,0,0,0
15.1,24.3,0,2.079441542,0.336472237,39,2.079441542,2.890371758,4.248495242,4.394449155,6.927557906,6.925693424,2.079441542,2.079441542,2.990719732,3.0301337,0,0.336472237,0
13.6,24.1,0.336472237,1.280933845,0.405465108,30,1.945910149,1.945910149,4.430816799,3.912023005,6.925791641,6.921953998,2.197224577,2.079441542,2.90690106,3.186352633,0,0.405465108,1
15.1,20.4,0.405465108,1.223775432,0.182321557,41,1.945910149,3.044522438,4.418840608,4.501197596,6.923628628,6.922742409,2.197224577,2.197224577,2.890371758,2.850706502,1,0.405465108,1
11.6,26.3,0.405465108,0.955511445,2.564949357,41,1.945910149,2.302585093,4.204692619,3.850147602,6.922545364,6.918200537,1.098612289,1.098612289,2.87356464,3.265759411,1,0.182321557,0
16.6,24.2,0.182321557,2.028148247,1.740466175,50,2.63905733,3.583518938,4.290459441,4.110873864,6.916615907,6.913339657,2.079441542,2.079441542,3.068052935,3.039749159,0,0.405465108,1
13.3,26.5,0.405465108,1.568615918,2.549445171,50,3.044522438,3.295836866,4.317488114,3.713572067,6.916021023,6.915028763,1.791759469,1.098612289,2.985681938,3.261935314,1,0,0
14.5,21.8,0,2.240709689,2.379546134,43,2.48490665,3.433987204,4.248495242,4.158883083,6.923628628,6.92392386,2.079441542,0.693147181,2.975529566,3.068052935,0,0,0
16.3,26.8,0,1.945910149,1.987874348,39,2.63905733,2.302585093,4.369447852,4.007333185,6.927361809,6.92471072,2.197224577,2.079441542,2.975529566,3.238678452,0,0,0
17.2,25.8,0,1.648658626,2.282382386,41,1.945910149,1.945910149,4.262679877,4.317488114,6.923136381,6.920177799,1.945910149,2.079441542,3.113515309,3.161246712,0,0.405465108,1
16.5,28.2,0.405465108,1.648658626,2.282382386,39,2.079441542,2.63905733,4.343805422,3.761200116,6.923431758,6.920079029,2.197224577,0.693147181,2.944438979,3.306886702,1,0,0
15,29.4,0,2.028148247,2.493205453,43,2.302585093,3.218875825,4.369447852,3.218875825,6.919486202,6.917210438,2.079441542,2.079441542,3.072693315,3.387774361,0,0,0
14.9,24.8,0,2.433613355,2.397895273,35,2.48490665,1.945910149,4.077537444,3.63758616,6.92037531,6.919090789,2.079441542,2.079441542,3.010620886,3.173878459,0,0.405465108,0
11.8,18.5,0.405465108,1.757857918,1.193922468,35,2.302585093,2.772588722,4.110873864,4.158883083,6.926577033,6.925988047,2.197224577,1.945910149,2.694627181,2.856470206,0,0,0
11.7,21.5,0,1.648658626,2.116255515,41,2.772588722,3.218875825,4.204692619,3.951243719,6.929614613,6.928145969,2.079441542,1.791759469,2.815408719,3.015534901,0,0,0
9.6,20.3,0,1.791759469,1.526056303,39,3.135494216,3.044522438,4.262679877,3.912023005,6.930397009,6.927851981,2.079441542,2.079441542,2.821378886,3.005682604,0,0,0
8.9,27.1,0,1.686398954,2.617395833,35,1.945910149,2.48490665,4.158883083,3.63758616,6.926675164,6.921164966,0.693147181,1.098612289,2.821378886,3.258096538,0,0,0
10.1,29.9,0,2.054123734,2.282382386,41,1.098612289,2.63905733,4.158883083,3.610917913,6.921263629,6.918893023,0.693147181,2.197224577,2.912350665,3.404525172,0,0.405465108,1
15.5,21.1,0.405465108,2.00148,0.641853886,31,1.945910149,2.079441542,4.543294782,4.465908119,6.918794126,6.917309492,2.197224577,2.197224577,2.867898902,3.044522438,1,0.405465108,1
10.8,21.7,0.405465108,1.335001067,2.451005098,48,2.63905733,3.044522438,4.094344562,3.713572067,6.926184414,6.925398714,0.693147181,1.609437912,2.791165108,3.08190997,1,0,0
7.5,20.9,0,2.028148247,2.272125886,39,2.63905733,3.044522438,4.127134385,3.784189634,6.929125305,6.926871396,1.945910149,2.079441542,2.791165108,3.034952987,0,0,0
12.8,21,0,2.00148,0.587786665,22,2.079441542,1.945910149,4.290459441,4.007333185,6.926577033,6.924219005,2.197224577,2.197224577,2.839078464,3.044522438,0,0.405465108,1
12.6,23.1,0.405465108,0.955511445,1.193922468,30,1.609437912,2.63905733,4.584967479,4.317488114,6.92441572,6.922742409,2.197224577,2.079441542,2.791165108,3.063390922,1,0.405465108,1
14.8,29.5,0.405465108,1.029619417,2.208274414,41,1.945910149,3.135494216,4.406719247,3.891820298,6.92155956,6.9170123,1.098612289,2.079441542,3.091042453,3.374168709,1,0.405465108,1
19.9,22,0.405465108,1.686398954,1.931521412,68.5,3.198673118,3.433987204,4.532599493,4.143134726,6.910414241,6.908542469,2.197224577,1.386294361,3.072693315,3.025291076,1,0.405465108,1
9.2,20.4,0.405465108,2.174751721,2.415913778,39,2.302585093,3.044522438,4.094344562,3.912023005,6.918200537,6.917804615,0.693147181,2.079441542,2.766319109,2.985681938,1,0,0
12.4,24.4,0,1.974081026,2.57261223,44,2.079441542,2.63905733,4.248495242,3.784189634,6.921460926,6.918398439,1.945910149,1.609437912,2.772588722,3.157000421,0,0.405465108,1
11.3,21.7,0.405465108,2.219203484,1.887069649,41,2.48490665,2.48490665,4.219507705,3.970291914,6.928929514,6.927655941,2.197224577,1.386294361,2.595254707,3.091042453,1,0,0
9.8,26.3,0,1.824549292,2.63905733,41,1.945910149,2.995732274,4.158883083,3.583518938,6.931667099,6.926577033,0.693147181,0.693147181,2.791165108,3.214867803,0,0,0
14.3,26.7,0,2.104134154,2.091864062,65,2.079441542,3.795489189,4.234106505,4.17438727,6.925889849,6.922939414,2.079441542,2.079441542,3.034952987,2.995732274,0,0.405465108,1
15.1,28.3,0.405465108,2.282382386,2.653241965,28,1.945910149,2.63905733,4.304065093,3.80666249,6.925398714,6.922052584,0.693147181,1.791759469,2.960105096,3.346389145,1,0,0
14.4,31.6,0,2.028148247,2.681021529,30,1.945910149,2.079441542,4.189654742,3.433987204,6.925693424,6.922840916,0,1.098612289,3.113515309,3.443618098,0,0,0
15.4,35,0,2.360854001,2.63905733,39,1.945910149,3.135494216,4.025351691,2.944438979,6.925988047,6.923628628,0.693147181,0.693147181,3.194583132,3.563882964,0,0,0
13.8,33.5,0,2.517696473,2.681021529,31,2.079441542,2.302585093,3.80666249,3.044522438,6.927753965,6.924219005,0,0.693147181,3.131136911,3.502549876,0,0,0
13.6,34.2,0,2.282382386,2.624668592,35,1.098612289,2.48490665,3.931825633,3.044522438,6.92441572,6.92027656,2.079441542,1.945910149,3.131136911,3.490428515,0,0,0
14.3,35,0,2.151762203,2.442347035,41,1.098612289,2.302585093,3.784189634,2.708050201,6.921263629,6.917408536,0,0.693147181,3.17805383,3.543853682,0,0,0
15.9,23.4,0,2.610069793,1.16315081,50,3.044522438,3.218875825,4.248495242,4.025351691,6.925398714,6.924907338,2.197224577,2.079441542,3.005682604,3.148453361,0,0,0
16.7,25.3,0,1.974081026,2.602689685,46,3.198673118,3.295836866,4.043051268,3.828641396,6.924809034,6.921658184,1.945910149,2.079441542,3.058707073,3.214867803,0,0,0
12.1,27.5,0,2.128231706,2.541601993,35,2.079441542,2.772588722,4.248495242,3.713572067,6.920474051,6.916120195,2.079441542,1.098612289,2.975529566,3.325036021,0,0,0
14.3,34.1,0,2.028148247,2.442347035,39,1.945910149,2.995732274,4.356708827,3.555348061,6.915326544,6.91204606,0.693147181,0.693147181,2.990719732,3.493472658,0,0,0
16.5,33.9,0,2.302585093,2.610069793,39,2.48490665,2.48490665,4.110873864,3.610917913,6.92096761,6.918200537,0.693147181,0.693147181,3.08190997,3.47506723,0,0,0
16.5,30.3,0,2.397895273,2.208274414,46,2.079441542,2.302585093,4.356708827,3.80666249,6.924317367,6.922052584,2.079441542,0.693147181,2.949688335,3.36729583,0,0,0
17.5,29.9,0,2.028148247,2.282382386,43,2.63905733,2.48490665,4.317488114,3.828641396,6.92706759,6.924514063,2.197224577,0.693147181,3.010620886,3.363841595,0,0,0
14.7,34.2,0,2.028148247,2.624668592,33,1.945910149,2.48490665,4.17438727,3.258096538,6.926380743,6.921953998,0.693147181,0.693147181,3.104586678,3.502549876,0,0,0
17.5,35.8,0,2.341805806,2.660259537,57,1.945910149,2.995732274,4.043051268,3.218875825,6.920474051,6.915227294,0,0.693147181,3.246490992,3.569532696,0,0,0
20.9,35.7,0,2.617395833,2.066862759,50,1.609437912,2.890371758,4.127134385,3.36729583,6.91631851,6.9117473,2.079441542,1.098612289,3.202746443,3.555348061,0,0.405465108,1
17,33.8,0.405465108,2.302585093,2.674148649,52,1.945910149,3.218875825,4.189654742,3.583518938,6.91274282,6.910551366,1.098612289,1.386294361,3.17805383,3.490428515,1,0,0
16,22.8,0,2.595254707,1.945910149,50,2.63905733,2.995732274,4.262679877,4.060443011,6.92096761,6.92096761,2.197224577,1.945910149,2.890371758,3.117949906,0,0,0
15.4,33.8,0,1.824549292,2.493205453,35,2.079441542,2.772588722,4.262679877,3.295836866,6.922840916,6.91770561,2.079441542,0.693147181,2.944438979,3.487375078,0,0,0
17.9,33.2,0,2.433613355,2.240709689,59,2.772588722,3.044522438,4.077537444,4.143134726,6.917210438,6.914830193,1.945910149,2.079441542,3.238678452,3.198673118,0,0.405465108,1
15.2,25.1,0.405465108,2.00148,2.533696814,46,3.044522438,3.36729583,4.143134726,3.761200116,6.925398714,6.923628628,0.693147181,0.693147181,2.895911938,3.214867803,1,0,0
15.1,20.4,0,2.360854001,0.09531018,39,2.890371758,2.995732274,4.158883083,4.025351691,6.926086236,6.92441572,2.197224577,2.197224577,2.93385687,3.015534901,0,0.405465108,1
15.3,19.6,0.405465108,1.791759469,0,33,2.302585093,2.63905733,4.532599493,4.48863637,6.917408536,6.914730893,2.197224577,2.197224577,2.944438979,2.975529566,1,0.405465108,1
17.2,24.7,0.405465108,0.875468737,2.208274414,50,2.995732274,3.36729583,4.394449155,4.276666119,6.913637942,6.91274282,2.079441542,2.197224577,3.015534901,3.131136911,1,0.405465108,0
15.9,19.9,0.405465108,1.887069649,0.955511445,48,2.890371758,3.135494216,4.304065093,4.077537444,6.920079029,6.920770216,2.197224577,2.079441542,2.912350665,2.975529566,0,0,0
10,22.5,0,1.686398954,2.533696814,33,2.48490665,2.079441542,4.025351691,3.850147602,6.927263745,6.925398714,0.693147181,1.098612289,2.753660712,3.144152279,0,0,0
9.9,24.4,0,1.916922612,2.468099531,28,2.079441542,2.079441542,4.110873864,3.663561646,6.930103683,6.927753965,0.693147181,1.609437912,2.844909384,3.165475048,0,0,0
10.3,27.8,0,2.00148,2.388762789,35,1.945910149,2.48490665,4.17438727,3.401197382,6.92981027,6.926675164,1.386294361,1.945910149,2.890371758,3.306886702,0,0,0
15.4,25.7,0,2.054123734,2.219203484,41,2.302585093,2.890371758,4.219507705,3.496507561,6.928635757,6.92549696,2.079441542,2.079441542,2.923161581,3.242592351,0,0,0
12.7,28.8,0,2.128231706,2.302585093,28,1.609437912,2.079441542,4.262679877,3.36729583,6.925103917,6.921066293,0.693147181,1.791759469,2.960105096,3.377587516,0,0,0
13.2,31.3,0,2.028148247,2.533696814,46,1.609437912,3.295836866,4.276666119,3.36729583,6.921756799,6.918200537,0.693147181,1.609437912,3.0301337,3.456316681,0,0,0
15.3,33.2,0,2.341805806,2.653241965,44,1.609437912,3.218875825,4.110873864,2.944438979,6.922545364,6.920671504,0,0.693147181,3.152736022,3.499533282,0,0,0
17.9,33.9,0,2.433613355,2.549445171,46,1.945910149,2.48490665,4.290459441,3.135494216,6.925988047,6.92323485,0.693147181,0.693147181,3.034952987,3.505557397,0,0,0
18,34.9,0,2.32238772,2.388762789,68.5,1.945910149,2.63905733,4.234106505,3.401197382,6.926577033,6.922348281,0.693147181,1.945910149,3.144152279,3.529297384,0,0.405465108,1
17.6,27.8,0.405465108,2.415913778,1.526056303,39,2.63905733,2.63905733,4.204692619,3.912023005,6.92323485,6.921460926,2.079441542,2.197224577,3.109060959,3.306886702,1,0.405465108,1
16,23.8,0.405465108,1.85629799,1.974081026,30,2.48490665,2.48490665,4.304065093,3.912023005,6.927459862,6.925693424,2.197224577,2.079441542,2.862200881,3.173878459,1,0,0
14.9,28.8,0,1.916922612,2.208274414,30,2.079441542,2.48490665,4.276666119,3.80666249,6.926773285,6.923136381,2.079441542,1.098612289,3.000719815,3.33220451,0,0,0
17.1,29.6,0,1.916922612,2.32238772,48,2.302585093,2.890371758,4.219507705,3.663561646,6.925300458,6.921460926,1.945910149,2.079441542,3.122364924,3.404525172,0,0.405465108,1
18.2,22.6,0.405465108,2.197224577,0,33,2.079441542,2.63905733,4.532599493,4.343805422,6.923037903,6.920177799,2.197224577,2.197224577,2.970414466,3.139832618,1,0.405465108,1
16.8,22.8,0.405465108,1.335001067,0.262364264,30,2.079441542,2.48490665,4.48863637,4.276666119,6.918695219,6.916516785,2.197224577,2.197224577,2.965273066,3.113515309,1,0.405465108,0
13.6,27.4,0.405465108,1.335001067,2.197224577,52,1.945910149,3.218875825,4.356708827,3.737669618,6.910850484,6.908542469,1.609437912,2.079441542,2.980618636,3.314186005,0,0,0
14.5,24.2,0,2.054123734,1.931521412,61,2.48490665,3.044522438,4.343805422,4.343805422,6.910414241,6.908542469,2.079441542,2.079441542,2.939161922,3.058707073,0,0.405465108,1
12.4,19.9,0.405465108,1.85629799,1.887069649,41,2.079441542,3.044522438,4.33073334,4.077537444,6.91631851,6.913737351,2.079441542,2.079441542,2.681021529,2.980618636,1,0,0
10.4,20.9,0,1.609437912,2.292534757,33,2.772588722,2.890371758,4.189654742,3.951243719,6.916417652,6.915525016,1.945910149,1.945910149,2.694627181,2.980618636,0,0,0
9.1,23.1,0,1.916922612,2.360854001,41,2.890371758,2.63905733,4.204692619,3.63758616,6.922249725,6.920079029,0.693147181,2.079441542,2.708050201,3.109060959,0,0,0
8.9,26,0,1.791759469,2.459588842,31,2.079441542,2.63905733,4.317488114,3.555348061,6.92471072,6.92037531,0.693147181,1.791759469,2.747270914,3.226843995,0,0.405465108,1
14.5,24.2,0.405465108,2.028148247,1.931521412,48,2.302585093,2.890371758,4.564348191,4.110873864,6.919486202,6.915525016,2.197224577,1.791759469,2.821378886,3.161246712,1,0.405465108,1
12.6,18.2,0.405465108,1.435084525,0.336472237,30,2.63905733,2.772588722,4.406719247,4.304065093,6.918695219,6.91968385,2.079441542,2.197224577,2.850706502,2.879198457,1,0.182321557,0
8.6,24.2,0.182321557,1.335001067,2.617395833,33,2.48490665,2.302585093,4.158883083,3.63758616,6.926086236,6.923727048,0.693147181,0.693147181,2.687847494,3.135494216,0,0,0
10.8,25.2,0,1.887069649,2.610069793,35,2.079441542,2.079441542,4.248495242,3.496507561,6.928733685,6.925300458,0.693147181,0.693147181,2.772588722,3.230804396,0,0,0
11.2,26.1,0,2.104134154,2.610069793,39,2.079441542,2.995732274,4.276666119,3.713572067,6.931374145,6.928537818,0.693147181,0.693147181,2.791165108,3.246490992,0,0,0
12.1,24.1,0,2.128231706,2.415913778,46,2.302585093,2.63905733,4.17438727,3.850147602,6.933617939,6.929908084,2.079441542,0.693147181,2.797281335,3.157000421,0,0,0
10.8,25.8,0,2.054123734,2.541601993,31,2.079441542,2.48490665,4.290459441,3.761200116,6.92981027,6.925988047,1.791759469,1.609437912,2.901421594,3.222867846,0,0,0
11.4,27.1,0,1.887069649,2.57261223,33,1.945910149,2.772588722,4.248495242,3.663561646,6.926184414,6.921460926,0.693147181,1.098612289,2.884800713,3.299533728,0,0,0
12,28.9,0,2.104134154,2.219203484,39,1.098612289,2.302585093,4.369447852,3.465735903,6.920868918,6.917804615,1.098612289,2.079441542,2.912350665,3.387774361,0,0.405465108,1
16.3,24.8,0.405465108,2.174751721,1.568615918,50,1.609437912,2.079441542,4.48863637,4.043051268,6.920474051,6.917111374,2.079441542,2.079441542,2.917770732,3.218875825,1,0.405465108,1
12.7,28.6,0.405465108,1.435084525,2.261763098,50,1.609437912,3.36729583,4.369447852,3.761200116,6.9170123,6.911049846,1.791759469,1.791759469,2.862200881,3.346389145,1,0,0
12.7,25.1,0,2.174751721,2.595254707,46,3.044522438,3.295836866,4.060443011,3.496507561,6.916120195,6.914134886,0.693147181,0.693147181,2.815408719,3.238678452,0,0,0
12,23.8,0,2.433613355,2.595254707,44,2.772588722,3.433987204,4.007333185,3.555348061,6.916615907,6.915921842,0,0.693147181,2.778819272,3.173878459,0,0,0
11.5,25.9,0,1.824549292,2.415913778,44,2.302585093,2.079441542,4.262679877,3.583518938,6.925005632,6.922939414,1.945910149,1.098612289,2.821378886,3.230804396,0,0,0
13,28.2,0,1.791759469,2.533696814,44,1.609437912,2.890371758,4.317488114,3.33220451,6.926184414,6.923037903,1.386294361,1.945910149,2.912350665,3.33220451,0,0,0
11.7,27.6,0,2.174751721,2.208274414,48,1.609437912,3.433987204,4.317488114,3.258096538,6.922249725,6.917804615,1.098612289,1.945910149,2.923161581,3.325036021,0,0,0
14.8,17.3,0,2.151762203,0.587786665,48,2.63905733,2.63905733,4.317488114,4.369447852,6.918695219,6.918596302,2.079441542,2.079441542,2.815408719,2.791165108,0,0.405465108,1
7.7,18.4,0.405465108,1.824549292,2.564949357,48,3.198673118,2.890371758,4.077537444,3.555348061,6.924120633,6.923136381,1.791759469,0.693147181,2.451005098,2.879198457,1,0,0
4.4,21.8,0,1.974081026,2.57261223,35,2.772588722,2.772588722,4.110873864,3.465735903,6.929321057,6.927851981,0.693147181,0.693147181,2.541601993,3.044522438,0,0,0
7.4,24.4,0,1.974081026,2.533696814,35,2.079441542,2.48490665,4.189654742,3.63758616,6.93468928,6.931667099,0,1.098612289,2.58021683,3.139832618,0,0,0
8.3,27.3,0,1.887069649,2.406945108,35,1.945910149,2.302585093,4.369447852,3.36729583,6.933812813,6.928929514,0.693147181,0.693147181,2.694627181,3.277144733,0,0,0
10.1,28.2,0,1.945910149,2.116255515,39,1.945910149,2.079441542,4.290459441,3.36729583,6.929614613,6.926773285,0.693147181,2.079441542,2.809402695,3.33220451,0,0,0
12,27.6,0,1.945910149,2.48490665,46,2.079441542,1.945910149,4.248495242,3.583518938,6.933910236,6.93069025,0.693147181,0.693147181,2.815408719,3.303216973,0,0,0
12.9,31.8,0,1.945910149,2.509599262,41,1.945910149,2.302585093,4.343805422,3.218875825,6.932350326,6.927851981,1.098612289,1.386294361,2.912350665,3.433987204,0,0,0
10.8,29.2,0,2.240709689,2.140066163,50,1.945910149,2.302585093,4.043051268,3.555348061,6.930103683,6.926282584,0,2.079441542,2.917770732,3.356897123,0,0.405465108,1
9.5,27.4,0.405465108,1.757857918,2.525728644,24,1.945910149,2.302585093,4.382026635,3.688879454,6.933130585,6.929223186,0.693147181,2.079441542,2.708050201,3.254242969,1,0,0
12.1,27.8,0,1.791759469,2.525728644,41,2.079441542,2.48490665,4.204692619,3.526360525,6.933228075,6.931569457,0,0.693147181,2.93385687,3.33220451,0,0,0
12.5,31.7,0,2.028148247,2.501435952,24,1.945910149,2.302585093,4.317488114,3.36729583,6.933325555,6.928929514,0.693147181,0.693147181,2.901421594,3.437207819,0,0,0
13.9,34.7,0,2.00148,2.251291799,46,2.48490665,2.079441542,3.931825633,2.944438979,6.931276474,6.927851981,0,1.386294361,3.054001182,3.517497837,0,0.182321557,0
13.3,31.7,0.182321557,2.174751721,2.48490665,44,1.945910149,3.36729583,4.394449155,3.17805383,6.930103683,6.926184414,1.098612289,1.791759469,2.917770732,3.456316681,0,0,0
13.2,33.1,0,2.261763098,2.370243741,39,2.079441542,2.079441542,4.521788577,2.944438979,6.929418919,6.926282584,2.079441542,0.693147181,2.839078464,3.487375078,0,0,0
12.3,33.8,0,2.104134154,2.509599262,22,2.302585093,2.63905733,4.060443011,2.772588722,6.931081104,6.927655941,0,0.693147181,2.939161922,3.517497837,0,0,0
13.8,35.2,0,2.00148,2.501435952,48,2.079441542,1.609437912,3.871201011,2.772588722,6.930983405,6.927851981,1.791759469,1.098612289,3.109060959,3.55820113,0,0,0
11.3,32.3,0,2.341805806,2.517696473,28,1.609437912,1.945910149,3.80666249,2.890371758,6.932740532,6.929223186,1.791759469,1.098612289,2.954910279,3.449987546,0,0,0
11.7,30.2,0,2.174751721,2.501435952,33,2.302585093,2.63905733,4.304065093,3.135494216,6.932740532,6.929125305,0.693147181,0,2.928523524,3.394508394,0,0,0
12.5,29.9,0,1.916922612,2.459588842,43,0,2.995732274,4.343805422,3.433987204,6.931178794,6.927361809,0,0.693147181,2.879198457,3.407841924,0,0,0
15.1,26.2,0,2.302585093,2.379546134,31,1.609437912,2.772588722,4.094344562,3.891820298,6.930592513,6.927263745,0.693147181,1.609437912,3.0301337,3.238678452,0,0,0
11.5,29.3,0,1.824549292,2.197224577,46,0,3.295836866,4.343805422,3.583518938,6.922446828,6.918101571,2.079441542,2.079441542,2.895911938,3.353406718,0,0,0
13,14.8,0,2.219203484,0,30,2.302585093,2.890371758,4.356708827,4.143134726,6.925988047,6.927851981,2.079441542,2.197224577,2.660259537,2.701361213,0,0,0
11.6,19.6,0,1.335001067,0.955511445,33,1.945910149,2.890371758,4.276666119,4.17438727,6.932057572,6.930299243,2.079441542,2.197224577,2.708050201,2.939161922,0,0,0
12.8,24.9,0,1.223775432,1.974081026,30,1.945910149,2.079441542,4.343805422,3.80666249,6.931667099,6.927851981,2.079441542,1.945910149,2.803360381,3.226843995,0,0.405465108,0
15.5,22.4,0.405465108,1.757857918,1.064710737,28,1.945910149,2.995732274,4.49980967,4.234106505,6.927263745,6.924022251,2.197224577,2.079441542,2.895911938,3.095577609,0,0.405465108,1
13.1,17.4,0.405465108,1.335001067,0,43,2.48490665,3.044522438,4.553876892,4.501197596,6.918893023,6.915227294,2.197224577,2.197224577,2.856470206,2.867898902,1,0.405465108,1
12.6,20.2,0.405465108,1.280933845,2.312535424,46,2.890371758,3.044522438,4.343805422,3.931825633,6.916615907,6.917111374,1.791759469,1.609437912,2.778819272,2.912350665,1,0,0
4.4,18.3,0,1.722766598,2.360854001,33,2.079441542,2.890371758,4.394449155,3.610917913,6.923431758,6.921263629,0.693147181,1.098612289,2.240709689,2.912350665,0,0,0
4.4,18.2,0,1.526056303,2.48490665,31,2.079441542,2.995732274,4.369447852,3.583518938,6.925988047,6.923628628,0.693147181,1.386294361,2.32238772,2.901421594,0,0,0
7.1,18.5,0,1.481604541,2.397895273,57,2.302585093,3.135494216,4.510859507,3.433987204,6.923727048,6.919980249,1.945910149,1.945910149,2.282382386,2.954910279,0,0,0
4.2,18.9,0,2.00148,2.468099531,50,1.945910149,3.465735903,4.110873864,3.555348061,6.919881459,6.918002595,1.386294361,1.098612289,2.501435952,2.949688335,0,0,0
9.6,18.8,0,2.00148,2.397895273,57,2.995732274,3.295836866,4.007333185,3.761200116,6.921362282,6.921658184,1.098612289,1.791759469,2.646174797,2.862200881,0,0,0
3.5,21.8,0,1.945910149,2.424802726,22,2.079441542,2.48490665,4.290459441,3.555348061,6.932350326,6.929712446,0,0.693147181,2.272125886,3.100092289,0,0,0
5.3,23.3,0,1.526056303,1.887069649,68.5,1.098612289,3.63758616,4.510859507,3.295836866,6.926577033,6.919189657,0.693147181,2.197224577,2.351375257,3.157000421,0,0.405465108,1
7,14.3,0.405465108,2.360854001,2.370243741,63,3.198673118,3.526360525,4.234106505,3.713572067,6.918991911,6.921362282,0.693147181,1.386294361,2.312535424,2.687847494,1,0,0
0.4,18.9,0,1.757857918,2.360854001,22,1.945910149,2.079441542,4.356708827,3.526360525,6.929712446,6.927655941,0,0.693147181,1.824549292,2.923161581,0,0,0
3.2,21.4,0,1.435084525,2.451005098,26,2.079441542,2.079441542,4.343805422,3.33220451,6.933617939,6.930787978,0,0.693147181,2.219203484,3.068052935,0,0,0
5.9,21.8,0,1.335001067,2.332143895,35,2.079441542,2.48490665,4.262679877,3.583518938,6.936342736,6.932545448,0.693147181,1.791759469,2.63188884,3.08190997,0,0,0
8.1,20.5,0,1.568615918,2.174751721,31,2.48490665,2.48490665,4.204692619,3.891820298,6.936148353,6.932447892,0.693147181,1.791759469,2.766319109,3.020424886,0,0,0
6.9,18.9,0,1.648658626,1.62924054,39,2.772588722,2.302585093,4.234106505,3.828641396,6.93653708,6.933812813,1.791759469,1.609437912,2.694627181,2.93385687,0,0,0
5.6,19.5,0,1.335001067,2.054123734,17,2.302585093,1.945910149,4.248495242,3.912023005,6.934105054,6.930299243,1.945910149,1.609437912,2.727852828,2.975529566,0,0,0
7.2,22.9,0,1.16315081,2.351375257,26,1.609437912,1.945910149,4.418840608,3.36729583,6.931569457,6.927753965,0.693147181,0.693147181,2.708050201,3.144152279,0,0,0
7.1,23.4,0,1.481604541,2.415913778,39,1.098612289,2.079441542,4.290459441,3.401197382,6.929516771,6.92549696,0,0.693147181,2.617395833,3.152736022,0,0,0
6.1,24.1,0,1.722766598,1.960094784,35,1.945910149,2.48490665,4.33073334,3.496507561,6.927753965,6.92441572,2.079441542,1.386294361,2.525728644,3.206803244,0,0.405465108,1
7.1,19.8,0.405465108,1.435084525,2.163323026,39,2.63905733,2.772588722,4.574710979,4.043051268,6.926969498,6.922446828,1.791759469,1.098612289,2.459588842,3.000719815,1,0.405465108,1
5.6,18,0.405465108,1.568615918,2.332143895,31,2.302585093,3.044522438,4.262679877,3.713572067,6.929321057,6.928145969,0.693147181,0.693147181,2.595254707,2.939161922,1,0,0
5.4,20.7,0,1.435084525,2.468099531,28,2.079441542,2.302585093,4.204692619,3.610917913,6.93556498,6.932350326,0.693147181,1.098612289,2.587764035,3.063390922,0,0,0
6.3,19.3,0,1.481604541,2.451005098,31,2.302585093,2.63905733,4.189654742,3.688879454,6.936245549,6.932838059,0.693147181,0.693147181,2.610069793,2.985681938,0,0,0
5.3,21,0,1.722766598,1.987874348,26,2.079441542,2.079441542,4.356708827,3.80666249,6.93556498,6.931764731,2.079441542,1.098612289,2.564949357,3.063390922,0,0,0
7.9,19.7,0,1.435084525,2.2300144,48,2.890371758,2.48490665,4.077537444,3.784189634,6.935662232,6.932545448,1.386294361,1.945910149,2.708050201,3.000719815,0,0,0
8.4,16.1,0,1.386294361,1.774952351,35,2.63905733,3.135494216,4.248495242,3.951243719,6.9377994,6.935759475,1.945910149,2.079441542,2.681021529,2.785011242,0,0,0
8.1,18.7,0,1.686398954,2.091864062,33,2.48490665,3.433987204,4.204692619,4.189654742,6.93653708,6.932642994,1.609437912,2.079441542,2.674148649,2.809402695,0,0,0
2.4,20.6,0,1.335001067,2.406945108,30,2.302585093,2.079441542,4.356708827,3.555348061,6.933228075,6.929516771,0.693147181,1.098612289,2.451005098,3.034952987,0,0,0
5.6,18.9,0,1.568615918,2.197224577,33,2.63905733,3.135494216,4.382026635,3.912023005,6.934202449,6.931959968,2.079441542,1.945910149,2.602689685,2.928523524,0,0,0
7.5,19,0,1.609437912,2.054123734,26,0,2.079441542,4.317488114,3.784189634,6.933910236,6.93069025,1.945910149,1.791759469,2.610069793,2.949688335,0,0,0
2.5,21.2,0,1.098612289,2.186051277,28,2.079441542,2.302585093,4.418840608,4.025351691,6.932155166,6.928341913,1.609437912,1.609437912,2.32238772,2.923161581,0,0,0
5,20.9,0,1.098612289,2.292534757,22,0,2.079441542,4.442651256,3.761200116,6.92843987,6.922939414,2.079441542,1.945910149,2.406945108,3.072693315,0,0.182321557,0
3.8,21.7,0.182321557,1.335001067,2.014903021,44,1.098612289,3.044522438,4.605170186,3.555348061,6.920572783,6.915425785,2.079441542,2.079441542,2.186051277,3.054001182,0,0,0
7.9,18.7,0,1.916922612,1.916922612,59,3.198673118,3.465735903,4.234106505,3.951243719,6.911946484,6.908542469,1.945910149,1.945910149,2.734367509,2.867898902,0,0.405465108,1
4.3,11.3,0.405465108,1.686398954,1.887069649,57,3.198673118,3.135494216,4.33073334,4.110873864,6.915028763,6.916814123,1.386294361,1.945910149,2.091864062,2.282382386,1,0.182321557,0
-2.1,13.8,0.182321557,1.029619417,2.351375257,22,0,2.302585093,4.248495242,3.713572067,6.929125305,6.928145969,0,0.693147181,1.987874348,2.653241965,0,0,0
-1.8,14.8,0,0.875468737,2.079441542,28,1.098612289,2.995732274,4.394449155,3.713572067,6.932642994,6.929027414,0.693147181,2.079441542,1.840549633,2.701361213,0,0,0
3.8,13.8,0,1.335001067,0.587786665,31,1.945910149,3.295836866,4.219507705,4.007333185,6.929125305,6.92706759,2.079441542,2.079441542,2.442347035,2.595254707,0,0,0
2.1,17.3,0,0.955511445,2.32238772,43,1.945910149,3.36729583,4.406719247,3.663561646,6.928537818,6.925889849,0.693147181,1.098612289,2.272125886,2.827313622,0,0,0
0.5,17.1,0,1.609437912,2.341805806,31,1.945910149,2.63905733,4.317488114,3.761200116,6.929321057,6.925988047,0.693147181,0.693147181,2.128231706,2.844909384,0,0,0
-0.9,16.7,0,1.223775432,2.332143895,30,1.098612289,2.772588722,4.343805422,3.761200116,6.931178794,6.92706759,1.791759469,1.098612289,1.974081026,2.797281335,0,0,0
0.4,19,0,1.481604541,2.2300144,39,1.098612289,2.995732274,4.343805422,3.737669618,6.928341913,6.92441572,1.945910149,1.791759469,2.163323026,2.970414466,0,0,0
7.5,16.8,0,1.335001067,1.386294361,41,2.079441542,3.295836866,4.262679877,3.988984047,6.926577033,6.922446828,2.079441542,2.079441542,2.602689685,2.797281335,0,0,0
8.3,17.6,0,1.481604541,2.341805806,43,2.890371758,3.433987204,4.304065093,3.784189634,6.92441572,6.922151159,0.693147181,0.693147181,2.595254707,2.862200881,0,0,0
-0.2,18.1,0,1.686398954,2.341805806,24,0,2.302585093,4.394449155,3.80666249,6.929908084,6.927459862,0.693147181,0.693147181,2.041220329,2.884800713,0,0,0
0.1,21,0,1.16315081,2.32238772,17,1.098612289,2.302585093,4.369447852,3.610917913,6.931667099,6.928831605,0,0.693147181,2.151762203,3.077312261,0,0,0
1.5,20.9,0,1.223775432,2.332143895,20,1.098612289,2.302585093,4.394449155,3.737669618,6.931667099,6.928537818,0.693147181,0.693147181,2.240709689,3.086486637,0,0,0
8.3,17.4,0,1.098612289,0.955511445,20,1.945910149,2.48490665,4.394449155,3.970291914,6.932838059,6.930005888,2.079441542,2.079441542,2.674148649,2.901421594,0,0,0
9.4,19.2,0,1.16315081,2.163323026,24,1.609437912,2.772588722,4.304065093,3.871201011,6.932642994,6.928831605,2.079441542,0.693147181,2.57261223,2.985681938,0,0,0
1.3,19,0,1.16315081,2.341805806,30,2.079441542,2.772588722,4.477336814,3.555348061,6.933130585,6.929908084,0.693147181,1.098612289,2.186051277,2.975529566,0,0,0
2.2,18.6,0,1.098612289,2.32238772,31,2.079441542,3.044522438,4.442651256,3.80666249,6.932838059,6.929516771,0.693147181,1.386294361,2.251291799,2.93385687,0,0,0
-0.4,17.9,0,1.223775432,2.272125886,33,1.098612289,3.044522438,4.394449155,3.713572067,6.931959968,6.927263745,0.693147181,1.098612289,2.054123734,2.928523524,0,0.405465108,1
4.5,16,0.405465108,1.386294361,1.667706821,35,2.302585093,2.772588722,4.48863637,4.248495242,6.926282584,6.922348281,2.079441542,2.079441542,2.397895273,2.785011242,1,0.405465108,0
7.9,12.3,0.405465108,1.029619417,0.993251773,52,3.198673118,3.218875825,4.234106505,4.369447852,6.915028763,6.914631583,2.079441542,2.079441542,2.509599262,2.116255515,0,0.405465108,0
4.3,14.1,0.405465108,0.955511445,2.282382386,41,2.63905733,3.295836866,4.276666119,3.988984047,6.917111374,6.9170123,1.945910149,1.945910149,2.186051277,2.660259537,0,0,0
-2.7,18.1,0,1.16315081,2.332143895,52,0,3.218875825,4.454347296,3.610917913,6.926380743,6.922939414,0.693147181,0.693147181,1.504077397,2.87356464,0,0,0
0.3,17,0,1.16315081,1.887069649,31,1.945910149,3.218875825,4.605170186,3.970291914,6.930397009,6.927165673,2.197224577,0.693147181,1.568615918,2.844909384,0,0,0
3.8,17.4,0,1.280933845,2.116255515,24,1.098612289,2.079441542,4.406719247,3.871201011,6.932935578,6.931374145,1.945910149,1.098612289,2.197224577,2.867898902,0,0,0
2.4,14.7,0,1.280933845,2.32238772,20,2.079441542,1.945910149,4.317488114,3.784189634,6.938672382,6.93439721,0.693147181,0.693147181,1.931521412,2.694627181,0,0,0
1.2,14.8,0,1.223775432,2.041220329,17,2.48490665,1.945910149,4.406719247,3.912023005,6.936828526,6.933228075,2.079441542,0.693147181,1.840549633,2.740840024,0,0,0
1.2,14.5,0,0.78845736,2.292534757,17,1.945910149,1.945910149,4.317488114,3.784189634,6.935078575,6.931959968,0,0.693147181,2.014903021,2.701361213,0,0,0
-0.3,17.5,0,0.955511445,2.240709689,39,1.945910149,2.772588722,4.406719247,3.891820298,6.933910236,6.930299243,0.693147181,1.791759469,1.974081026,2.901421594,0,0.405465108,1
4.7,18.5,0.405465108,1.098612289,1.808288771,22,1.945910149,1.945910149,4.605170186,3.931825633,6.934981265,6.931569457,2.079441542,1.609437912,2.079441542,2.939161922,1,0.405465108,1
4.9,18.1,0.405465108,0.78845736,2.251291799,22,0,2.63905733,4.543294782,4.025351691,6.934105054,6.930787978,0.693147181,0.693147181,2.292534757,2.928523524,1,0,0
1.4,16.8,0,0.955511445,2.219203484,20,0,1.945910149,4.521788577,3.931825633,6.93556498,6.933130585,0.693147181,1.609437912,1.974081026,2.850706502,0,0.182321557,0
2.2,17.5,0.182321557,0.78845736,2.251291799,20,2.079441542,2.079441542,4.532599493,3.828641396,6.94031927,6.937896436,1.098612289,0.693147181,1.871802177,2.90690106,0,0,0
-0.1,18,0,1.098612289,2.261763098,20,1.098612289,2.772588722,4.430816799,3.850147602,6.94138346,6.937022777,0.693147181,0.693147181,1.887069649,2.912350665,0,0,0
-0.9,18.5,0,1.16315081,2.292534757,22,0,2.079441542,4.442651256,3.663561646,6.938478452,6.935759475,1.098612289,1.386294361,1.740466175,2.954910279,0,0,0
0.6,14,0,1.16315081,1.30833282,17,0,2.079441542,4.605170186,4.219507705,6.940512843,6.937216989,2.079441542,2.079441542,1.722766598,2.701361213,0,0,0
4.6,15.7,0,0.693147181,0.470003629,15,1.945910149,1.945910149,4.454347296,4.219507705,6.938575421,6.935467718,2.079441542,2.079441542,2.388762789,2.803360381,0,0.405465108,0
9.8,14.4,0.405465108,0.470003629,0,20,2.302585093,2.48490665,4.605170186,4.465908119,6.936828526,6.93556498,2.197224577,2.197224577,2.57261223,2.681021529,0,0.405465108,1
10.6,15.1,0.405465108,0.182321557,1.280933845,41,2.302585093,3.044522438,4.369447852,4.189654742,6.93653708,6.934105054,2.197224577,2.079441542,2.525728644,2.660259537,1,0,0
7.8,15.1,0,1.16315081,1.30833282,31,1.945910149,3.044522438,4.442651256,4.189654742,6.934299834,6.931862354,1.945910149,2.079441542,2.424802726,2.76000994,0,0,0
4.4,16.7,0,0.955511445,2.302585093,22,2.48490665,1.609437912,4.317488114,3.761200116,6.933617939,6.930592513,0.693147181,0.693147181,2.360854001,2.844909384,0,0,0
-0.2,15.5,0,0.875468737,2.302585093,28,1.609437912,2.48490665,4.465908119,3.761200116,6.935953933,6.935370446,0.693147181,0.693147181,1.774952351,2.740840024,0,0,0
4.3,14.5,0,1.098612289,1.386294361,30,1.945910149,2.63905733,4.343805422,4.262679877,6.942446519,6.939932011,2.079441542,2.079441542,2.186051277,2.63905733,0,0,0
7.4,16.3,0,0.78845736,1.386294361,30,1.945910149,2.995732274,4.33073334,4.189654742,6.939641468,6.936245549,2.079441542,2.079441542,2.57261223,2.740840024,0,0.405465108,1
8.6,13.7,0.405465108,1.16315081,0,31,1.098612289,0,4.584967479,4.501197596,6.936148353,6.932740532,2.197224577,2.197224577,2.424802726,2.533696814,1,0.405465108,1
10.2,15,0.405465108,0.182321557,0.405465108,46,3.135494216,2.890371758,4.510859507,4.189654742,6.931374145,6.930592513,2.079441542,2.079441542,2.63188884,2.687847494,1,0.182321557,0
7.3,16.4,0.182321557,0.78845736,2.251291799,43,2.772588722,3.218875825,4.465908119,3.891820298,6.932155166,6.928243945,0.693147181,0.693147181,2.501435952,2.753660712,0,0.405465108,0
8.7,13,0.405465108,1.435084525,2.091864062,54,2.995732274,3.36729583,4.418840608,4.077537444,6.922348281,6.922742409,1.609437912,1.098612289,2.282382386,2.493205453,0,0,0
1,11.8,0,1.16315081,2.104134154,48,2.079441542,3.218875825,4.304065093,3.912023005,6.934105054,6.93400765,1.609437912,0.693147181,2.014903021,2.48490665,0,0,0
2.1,14.7,0,1.280933845,2.219203484,43,3.198673118,3.295836866,4.290459441,4.060443011,6.937314081,6.93468928,0.693147181,1.098612289,2.302585093,2.694627181,0,0,0
6.4,16.9,0,1.280933845,1.931521412,26,2.890371758,2.302585093,4.369447852,3.951243719,6.936148353,6.933228075,2.079441542,1.098612289,2.351375257,2.833213344,0,0,0
5.4,15.5,0,0.955511445,1.916922612,20,2.079441542,2.079441542,4.394449155,4.077537444,6.936925656,6.933910236,2.079441542,0.693147181,2.341805806,2.766319109,0,0,0
0.4,15.5,0,0.693147181,1.740466175,13,1.945910149,2.302585093,4.584967479,4.262679877,6.935078575,6.931959968,1.791759469,2.079441542,1.609437912,2.772588722,0,0,0
4,15.9,0,0.470003629,1.098612289,17,1.945910149,2.079441542,4.564348191,4.158883083,6.930983405,6.928243945,2.197224577,2.079441542,2.240709689,2.76000994,0,0.405465108,1
8.4,11.7,0.405465108,0.470003629,0,26,1.945910149,2.079441542,4.521788577,4.465908119,6.929712446,6.927753965,2.197224577,2.079441542,2.370243741,2.509599262,1,0.405465108,0
0.4,13.9,0.405465108,0.587786665,2.163323026,41,1.945910149,2.995732274,4.605170186,4.094344562,6.931471806,6.929516771,1.386294361,1.945910149,1.648658626,2.57261223,0,0,0
4.2,14,0,0.875468737,2.151762203,33,2.302585093,2.302585093,4.317488114,3.80666249,6.934786618,6.934105054,1.791759469,1.609437912,2.282382386,2.602689685,0,0,0
0.9,12.9,0,1.098612289,2.054123734,24,2.079441542,2.772588722,4.532599493,3.988984047,6.933520487,6.930592513,2.079441542,2.079441542,1.871802177,2.587764035,0,0,0
0.8,13,0,0.875468737,1.62924054,41,1.098612289,3.36729583,4.564348191,4.248495242,6.93653708,6.932642994,2.197224577,1.945910149,1.667706821,2.541601993,0,0,0
4.3,12.6,0,1.098612289,2.302585093,46,0,3.36729583,4.33073334,4.007333185,6.93468928,6.930397009,1.386294361,0.693147181,2.174751721,2.509599262,0,0,0
6.3,11.8,0,1.280933845,2.014903021,63,3.044522438,3.36729583,4.406719247,3.891820298,6.927263745,6.928929514,1.945910149,0.693147181,2.079441542,2.525728644,0,0,0
3.5,14.3,0,1.481604541,2.292534757,35,2.079441542,3.218875825,4.276666119,3.951243719,6.936148353,6.933423026,0.693147181,0.693147181,2.041220329,2.617395833,0,0,0
-1.5,14.8,0,1.16315081,2.197224577,15,1.945910149,2.302585093,4.510859507,3.737669618,6.937411164,6.93439721,1.609437912,1.386294361,1.131402111,2.740840024,0,0,0
1.2,16,0,0.875468737,1.960094784,31,1.945910149,3.135494216,4.442651256,3.663561646,6.933033086,6.929418919,2.079441542,1.945910149,2.014903021,2.747270914,0,0,0
0.5,15.4,0,1.223775432,2.00148,68.5,3.135494216,3.36729583,3.988984047,4.234106505,6.925791641,6.918893023,0.693147181,2.079441542,2.370243741,2.63188884,0,0.405465108,1
5.3,11.7,0.405465108,1.526056303,1.887069649,68.5,3.198673118,3.526360525,4.304065093,4.043051268,6.920770216,6.92096761,1.386294361,0.693147181,2.066862759,2.493205453,1,0.182321557,0
6.6,13.1,0.182321557,1.335001067,2.219203484,61,3.198673118,3.433987204,4.143134726,3.988984047,6.922151159,6.922643891,1.791759469,0.693147181,2.451005098,2.587764035,0,0,0
-1.6,11.5,0,1.335001067,2.292534757,31,2.079441542,3.044522438,4.418840608,3.988984047,6.932740532,6.930397009,0.693147181,0.693147181,1.386294361,2.493205453,0,0,0
-3.1,12,0,1.029619417,1.589235205,35,1.609437912,2.63905733,4.394449155,3.970291914,6.938769333,6.938284484,0.693147181,1.945910149,1.931521412,2.415913778,0,0,0
-0.1,14.2,0,0.875468737,2.079441542,13,1.609437912,1.098612289,4.406719247,4.025351691,6.941093339,6.937216989,0.693147181,1.098612289,1.740466175,2.610069793,0,0,0
-0.6,14,0,0.78845736,2.091864062,41,1.098612289,3.135494216,4.465908119,4.094344562,6.938284484,6.93468928,1.791759469,1.791759469,1.547562509,2.681021529,0,0.405465108,0
3,11.1,0.405465108,0.875468737,0.182321557,35,0,2.63905733,4.605170186,4.501197596,6.932838059,6.929614613,2.079441542,2.197224577,1.987874348,2.261763098,0,0.405465108,1
2.9,9.5,0.405465108,0.875468737,2.014903021,35,0,2.772588722,4.543294782,4.290459441,6.930103683,6.928145969,1.945910149,1.945910149,1.871802177,2.128231706,1,0,0
-1.3,8.8,0,0.587786665,1.335001067,39,2.302585093,2.772588722,4.564348191,4.234106505,6.928537818,6.925398714,2.079441542,1.945910149,1.029619417,2.197224577,0,0,0
1.8,8.7,0,1.029619417,0.78845736,65,3.198673118,3.583518938,4.430816799,4.454347296,6.92323485,6.919189657,2.079441542,2.079441542,1.945910149,2.066862759,0,0.405465108,1
2.9,8.4,0.405465108,0.875468737,2.163323026,59,3.044522438,3.465735903,4.343805422,4.204692619,6.925300458,6.926773285,2.079441542,1.386294361,1.871802177,2.091864062,1,0.182321557,0
-2.6,11.1,0.182321557,0.875468737,2.014903021,20,1.098612289,2.079441542,4.477336814,4.007333185,6.935467718,6.931178794,0.693147181,2.079441542,0.587786665,2.388762789,0,0,0
0.5,11,0,0.693147181,0.641853886,31,0,2.772588722,4.532599493,4.248495242,6.932838059,6.930397009,2.079441542,2.079441542,1.335001067,2.459588842,0,0,0
2.7,16.5,0,0.470003629,2.292534757,41,2.079441542,3.135494216,4.543294782,3.951243719,6.930299243,6.927557906,1.791759469,0.693147181,2.041220329,2.827313622,0,0,0
-1.7,13.6,0,1.029619417,1.824549292,28,2.079441542,2.890371758,4.430816799,3.850147602,6.931471806,6.928635757,0.693147181,2.079441542,1.589235205,2.660259537,0,0.182321557,0
-0.9,12.8,0.182321557,1.098612289,1.064710737,17,1.945910149,2.302585093,4.605170186,4.143134726,6.932545448,6.929321057,2.079441542,2.079441542,1.30833282,2.57261223,0,0,0
-1.8,11.5,0,0.470003629,1.740466175,41,0,3.218875825,4.605170186,4.025351691,6.928243945,6.922545364,2.079441542,1.386294361,0.832909123,2.48490665,0,0,0
1.3,10.6,0,0.587786665,1.887069649,46,3.198673118,3.526360525,4.33073334,4.304065093,6.919486202,6.918101571,1.386294361,1.791759469,2.163323026,2.219203484,0,0.405465108,1
2.4,11.6,0.405465108,1.16315081,2.208274414,35,2.772588722,3.135494216,4.276666119,3.891820298,6.925300458,6.923530198,0.693147181,1.386294361,1.945910149,2.459588842,1,0.182321557,0
-1.1,11,0.182321557,1.029619417,0,41,0,1.945910149,4.532599493,4.477336814,6.923037903,6.91770561,2.079441542,2.197224577,1.223775432,2.272125886,0,0.405465108,1
2.3,11.6,0.405465108,1.029619417,2.140066163,54,3.198673118,3.465735903,4.369447852,4.043051268,6.915624237,6.918991911,2.079441542,1.386294361,2.151762203,2.501435952,1,0,0
-2.2,11.6,0,0.875468737,2.32238772,39,1.098612289,3.36729583,4.234106505,3.526360525,6.934105054,6.934202449,0.693147181,0.693147181,1.481604541,2.48490665,0,0,0
-3.5,11.2,0,0.955511445,2.163323026,26,1.945910149,2.48490665,4.343805422,3.891820298,6.941673497,6.939350841,0.693147181,1.791759469,1.526056303,2.406945108,0,0,0
-1,12.2,0,0.955511445,2.240709689,30,2.079441542,2.63905733,4.418840608,3.951243719,6.940416061,6.935759475,1.386294361,1.791759469,1.547562509,2.468099531,0,0,0
-2.1,12.9,0,0.78845736,2.208274414,31,2.079441542,2.63905733,4.532599493,3.258096538,6.934105054,6.929418919,1.098612289,0.693147181,0.875468737,2.587764035,0,0.182321557,0
-2,11.3,0.182321557,1.16315081,1.931521412,33,1.098612289,2.995732274,4.48863637,3.931825633,6.928537818,6.92392386,2.079441542,2.079441542,0.78845736,2.4765384,0,0,0
-2.3,9.7,0,0.875468737,1.064710737,28,1.945910149,2.63905733,4.532599493,4.204692619,6.922446828,6.918695219,2.079441542,2.079441542,0.693147181,2.174751721,0,0.405465108,1
-1.6,10.7,0.405465108,0.587786665,2.312535424,59,3.198673118,3.63758616,4.317488114,4.043051268,6.922742409,6.923530198,1.098612289,1.609437912,1.887069649,2.360854001,1,0,0
0.8,12.2,0,1.029619417,2.261763098,59,2.995732274,3.135494216,4.248495242,3.912023005,6.929418919,6.925398714,1.386294361,0.693147181,2.014903021,2.501435952,0,0,0
-2.8,12.2,0,1.280933845,2.272125886,31,0,2.772588722,4.442651256,3.891820298,6.926871396,6.92323485,0.693147181,0.693147181,1.30833282,2.525728644,0,0,0
-2.8,14.1,0,1.16315081,2.054123734,48,0,3.295836866,4.406719247,3.663561646,6.925889849,6.92155956,0.693147181,2.079441542,1.386294361,2.624668592,0,0.405465108,0
3,9.7,0.405465108,1.280933845,0.530628251,65,2.995732274,3.36729583,4.17438727,4.418840608,6.913836749,6.910052638,2.197224577,2.079441542,2.360854001,2.261763098,0,0.405465108,1
4.4,11.5,0.405465108,1.16315081,2.332143895,57,3.198673118,3.465735903,4.219507705,4.043051268,6.922545364,6.923530198,0.693147181,0.693147181,2.066862759,2.442347035,1,0,0
2.3,12.8,0,1.16315081,2.360854001,35,1.609437912,3.218875825,4.262679877,3.891820298,6.929712446,6.926675164,0.693147181,0.693147181,2.174751721,2.533696814,0,0,0
-2,12.3,0,1.223775432,1.916922612,31,1.609437912,2.995732274,4.406719247,4.110873864,6.929418919,6.926871396,0.693147181,2.079441542,1.280933845,2.312535424,0,0,0
-1.9,10.9,0,1.029619417,1.648658626,50,0,3.295836866,4.369447852,4.290459441,6.929321057,6.927753965,1.386294361,2.197224577,1.871802177,2.104134154,0,0.405465108,1
4.8,14.1,0.405465108,0.955511445,2.2300144,48,3.198673118,3.135494216,4.219507705,3.891820298,6.926773285,6.926184414,1.791759469,0.693147181,2.292534757,2.681021529,1,0,0
-0.6,11.1,0,1.386294361,1.791759469,41,2.079441542,3.295836866,4.49980967,4.369447852,6.926969498,6.924514063,2.079441542,2.079441542,1.568615918,1.902107526,0,0.405465108,1
3.1,12.5,0.405465108,0.875468737,2.104134154,43,1.945910149,3.433987204,4.248495242,4.143134726,6.928341913,6.927655941,1.945910149,1.098612289,2.151762203,2.509599262,1,0,0
-2.9,9.6,0,1.029619417,2.116255515,43,1.945910149,3.218875825,4.343805422,4.262679877,6.930885696,6.927557906,0.693147181,1.945910149,1.887069649,2.208274414,0,0.336472237,0
-3.5,7.6,0.336472237,1.223775432,1.740466175,50,3.198673118,3.218875825,4.532599493,4.234106505,6.923431758,6.921263629,2.197224577,1.945910149,1.458615023,1.808288771,0,0.336472237,0
-0.3,9.3,0.336472237,0.875468737,2.388762789,39,2.302585093,3.433987204,4.290459441,4.110873864,6.925988047,6.925202193,0.693147181,0.693147181,1.740466175,2.2300144,0,0,0
0.1,10.4,0,1.029619417,2.186051277,59,3.135494216,3.218875825,4.248495242,4.158883083,6.92981027,6.928635757,0.693147181,1.945910149,2.079441542,2.261763098,0,0,0
2.3,12.2,0,1.335001067,2.379546134,44,3.044522438,3.433987204,4.077537444,3.737669618,6.932642994,6.930885696,0.693147181,0.693147181,2.014903021,2.433613355,0,0,0
2.1,10.7,0,1.481604541,2.341805806,59,3.198673118,3.688879454,4.094344562,3.828641396,6.93069025,6.926773285,0.693147181,0.693147181,1.974081026,2.351375257,0,0,0
4.6,14.7,0,1.686398954,2.240709689,52,3.198673118,3.526360525,4.007333185,3.951243719,6.923333309,6.921066293,0.693147181,1.386294361,2.32238772,2.564949357,0,0,0
3.7,14.2,0,1.386294361,2.397895273,46,3.198673118,3.36729583,3.970291914,3.33220451,6.921362282,6.920474051,0.693147181,0.693147181,2.272125886,2.674148649,0,0,0
-1.3,11.6,0,1.609437912,2.433613355,30,2.302585093,2.890371758,4.094344562,3.583518938,6.931764731,6.930494766,0,0.693147181,1.704748092,2.468099531,0,0,0
-3.4,12.5,0,1.386294361,2.054123734,48,2.079441542,3.433987204,4.49980967,3.433987204,6.933617939,6.930299243,1.945910149,2.079441542,0.875468737,2.501435952,0,0,0
-5.3,13.1,0,1.16315081,2.186051277,33,1.609437912,3.044522438,4.553876892,3.871201011,6.937896436,6.93400765,1.945910149,1.945910149,0.09531018,2.58021683,0,0,0
0,14,0,1.223775432,1.740466175,39,2.63905733,3.218875825,4.110873864,3.610917913,6.935662232,6.932838059,2.079441542,2.079441542,2.186051277,2.595254707,0,0,0
2.4,14.1,0,1.386294361,1.029619417,46,2.772588722,3.433987204,3.931825633,3.33220451,6.929908084,6.926380743,2.197224577,2.197224577,2.261763098,2.653241965,0,0,0
-0.6,12.2,0,1.280933845,2.079441542,59,2.772588722,3.295836866,4.204692619,3.80666249,6.92706759,6.925398714,2.197224577,1.791759469,2.066862759,2.459588842,0,0,0
2.3,11.6,0,1.85629799,2.351375257,54,3.198673118,2.890371758,3.912023005,3.663561646,6.934299834,6.933910236,0.693147181,0.693147181,2.041220329,2.493205453,0,0,0
-3.7,14.4,0,1.280933845,2.433613355,22,1.098612289,2.48490665,4.17438727,3.36729583,6.939253946,6.936342736,0,0,1.824549292,2.708050201,0,0,0
-0.9,14.2,0,1.280933845,2.174751721,31,2.079441542,2.995732274,4.418840608,3.555348061,6.938478452,6.932838059,2.079441542,1.945910149,1.840549633,2.624668592,0,0,0
-1.5,17.3,0,1.335001067,2.302585093,48,0,3.295836866,4.356708827,3.17805383,6.932350326,6.928831605,1.791759469,2.079441542,1.757857918,2.821378886,0,0,0
-3.3,15.1,0,1.386294361,2.302585093,30,2.302585093,2.63905733,4.060443011,3.17805383,6.936051148,6.933910236,0.693147181,0.693147181,2.186051277,2.734367509,0,0,0
-0.1,14.7,0,1.481604541,2.388762789,30,1.945910149,2.772588722,4.110873864,3.784189634,6.938187486,6.934299834,0.693147181,1.791759469,2.104134154,2.587764035,0,0,0
-0.2,16.2,0,1.481604541,1.931521412,28,0,3.044522438,4.317488114,3.828641396,6.935953933,6.931374145,2.079441542,1.945910149,2.116255515,2.747270914,0,0,0
0.5,16.3,0,1.029619417,1.62924054,39,1.609437912,1.945910149,4.406719247,3.828641396,6.932155166,6.926086236,2.079441542,2.197224577,1.974081026,2.797281335,0,0.405465108,1
6.1,17.2,0.405465108,1.16315081,1.223775432,59,3.198673118,2.772588722,4.49980967,4.454347296,6.919881459,6.919090789,2.079441542,2.079441542,2.674148649,2.610069793,1,0.405465108,1
4.1,14.8,0.405465108,1.280933845,2.468099531,46,3.044522438,3.36729583,4.110873864,3.555348061,6.931667099,6.930201468,0.693147181,0.693147181,2.282382386,2.727852828,1,0,0
0.1,16.7,0,1.568615918,2.415913778,28,1.098612289,2.63905733,4.248495242,3.80666249,6.935370446,6.933228075,0.693147181,1.609437912,2.302585093,2.766319109,0,0,0
3.2,12.1,0,1.335001067,1.589235205,41,2.890371758,3.044522438,4.248495242,3.951243719,6.941770158,6.94138346,2.079441542,1.791759469,2.332143895,2.493205453,0,0.182321557,0
5.4,11.3,0.182321557,1.16315081,0.470003629,35,2.48490665,2.890371758,4.189654742,4.127134385,6.94379787,6.940125659,2.079441542,2.079441542,2.2300144,2.415913778,0,0,0
5.8,12.4,0,0.955511445,0,26,2.63905733,2.63905733,4.382026635,4.304065093,6.935662232,6.931959968,2.197224577,2.197224577,2.272125886,2.468099531,0,0,0
6.3,16.1,0,1.029619417,1.360976553,35,2.995732274,3.218875825,4.158883083,3.526360525,6.928243945,6.924809034,2.079441542,2.079441542,2.397895273,2.815408719,0,0,0
-0.9,16.7,0,1.335001067,2.261763098,35,2.079441542,3.135494216,4.442651256,3.526360525,6.926675164,6.922545364,2.079441542,2.079441542,2.00148,2.803360381,0,0.405465108,0
0.2,15.5,0.405465108,1.223775432,2.341805806,31,0,2.48490665,4.382026635,3.63758616,6.929125305,6.926773285,0.693147181,0.693147181,2.104134154,2.791165108,0,0,0
-3.7,14.7,0,1.481604541,2.4765384,43,2.302585093,3.135494216,3.988984047,3.258096538,6.934202449,6.929418919,0,0,1.871802177,2.667228207,0,0,0
-2.7,15.2,0,1.609437912,2.370243741,30,1.945910149,3.044522438,4.143134726,3.583518938,6.931276474,6.926478893,0.693147181,1.098612289,1.987874348,2.766319109,0,0,0
-2.5,16.6,0,1.386294361,2.388762789,31,1.609437912,3.044522438,4.234106505,3.044522438,6.927361809,6.922545364,0.693147181,0.693147181,1.945910149,2.850706502,0,0,0
-0.5,21.6,0,1.791759469,2.388762789,48,2.302585093,3.295836866,3.80666249,3.33220451,6.92323485,6.919585031,2.079441542,1.791759469,2.557227311,3.113515309,0,0,0
9,25.5,0,1.887069649,2.415913778,50,3.044522438,3.295836866,3.871201011,3.465735903,6.92392386,6.920079029,1.386294361,0.693147181,2.917770732,3.261935314,0,0.405465108,1
13.1,19.4,0.405465108,2.282382386,1.945910149,67,3.198673118,3.433987204,4.276666119,3.784189634,6.916021023,6.914730893,2.079441542,0.693147181,2.87356464,2.954910279,1,0.405465108,1
8.7,19.7,0.405465108,1.824549292,2.197224577,68.5,3.198673118,3.795489189,4.158883083,3.526360525,6.917804615,6.910252159,1.386294361,1.945910149,2.809402695,2.970414466,1,0.405465108,1
3.9,13.2,0.405465108,2.028148247,2.48490665,65,3.198673118,3.465735903,3.988984047,3.526360525,6.925595197,6.926184414,1.386294361,0.693147181,2.091864062,2.58021683,1,0,0
0.7,14.1,0,1.887069649,2.302585093,20,1.945910149,2.079441542,4.248495242,3.784189634,6.935078575,6.930592513,2.079441542,0.693147181,2.128231706,2.687847494,0,0,0
1.1,18,0,0.955511445,2.261763098,39,1.098612289,3.36729583,4.418840608,3.610917913,6.929516771,6.924219005,1.609437912,0.693147181,2.079441542,2.93385687,0,0,0
5.1,23.3,0,1.526056303,2.424802726,44,2.302585093,3.36729583,4.007333185,3.433987204,6.925005632,6.92037531,0.693147181,0.693147181,2.856470206,3.152736022,0,0,0
7.5,23.3,0,2.054123734,2.4765384,65,2.772588722,3.737669618,3.850147602,2.772588722,6.921164966,6.919585031,0.693147181,0,2.960105096,3.104586678,0,0,0
4.7,19.5,0,2.397895273,2.48490665,46,2.63905733,3.526360525,3.761200116,3.258096538,6.927263745,6.923727048,0.693147181,0,2.740840024,2.960105096,0,0,0
3.2,21.9,0,2.054123734,1.824549292,68.5,1.098612289,3.044522438,3.951243719,3.931825633,6.920770216,6.915227294,0.693147181,2.197224577,2.827313622,3.091042453,0,0.405465108,1
7.8,16.2,0.405465108,2.00148,2.186051277,50,2.772588722,3.135494216,4.304065093,3.80666249,6.925300458,6.926380743,2.079441542,0.693147181,2.197224577,2.727852828,1,0,0
2.4,17.3,0,1.16315081,2.509599262,31,1.609437912,1.945910149,4.219507705,3.526360525,6.938769333,6.936051148,0.693147181,0.693147181,2.459588842,2.862200881,0,0,0
3.2,18.7,0,1.280933845,2.493205453,31,1.609437912,2.63905733,4.262679877,3.496507561,6.940416061,6.935273165,0.693147181,0.693147181,2.48490665,2.949688335,0,0,0
2.5,20.9,0,1.526056303,2.451005098,44,3.044522438,3.295836866,3.891820298,3.583518938,6.933812813,6.929125305,1.098612289,1.945910149,2.797281335,3.044522438,0,0,0
6.5,25.7,0,1.757857918,2.442347035,50,1.098612289,3.218875825,4.143134726,3.258096538,6.931276474,6.925005632,1.791759469,0.693147181,2.827313622,3.246490992,0,0,0
14.4,24.3,0,2.341805806,2.493205453,52,3.198673118,3.433987204,3.676300672,3.258096538,6.919189657,6.918596302,0.693147181,0.693147181,3.063390922,3.17805383,0,0,0
4.9,18.9,0,2.360854001,2.341805806,44,1.945910149,3.135494216,3.737669618,3.496507561,6.923825459,6.922545364,1.098612289,2.079441542,2.766319109,2.833213344,0,0,0
2.3,16.8,0,1.757857918,2.517696473,41,1.945910149,3.36729583,3.970291914,3.555348061,6.928341913,6.925595197,1.098612289,0.693147181,2.379546134,2.850706502,0,0,0
1.4,20.6,0,1.85629799,2.493205453,46,1.945910149,3.433987204,4.043051268,2.833213344,6.929321057,6.924022251,1.791759469,0.693147181,2.509599262,3.020424886,0,0,0
5.6,27.6,0,1.824549292,2.48490665,46,2.772588722,3.36729583,3.80666249,3.091042453,6.926282584,6.922742409,0,0,2.995732274,3.321432413,0,0,0
16.8,28.9,0,2.397895273,2.468099531,68.5,3.198673118,3.737669618,3.80666249,3.135494216,6.924907338,6.920474051,0.693147181,0.693147181,3.157000421,3.380994674,0,0.405465108,1
14.4,20.7,0.405465108,2.341805806,1.774952351,33,3.044522438,2.995732274,4.553876892,4.189654742,6.924120633,6.921855403,2.197224577,1.609437912,2.740840024,3.010620886,1,0.405465108,1
10.3,21.3,0.405465108,1.648658626,2.041220329,43,2.079441542,2.995732274,4.382026635,3.850147602,6.926675164,6.922249725,2.197224577,0.693147181,2.541601993,3.034952987,1,0,0
11.2,18,0,1.757857918,2.240709689,65,3.198673118,3.526360525,4.189654742,3.713572067,6.918200537,6.914035517,1.791759469,1.609437912,2.624668592,2.844909384,0,0.405465108,1
0.3,16,0.405465108,1.85629799,2.549445171,57,2.48490665,3.36729583,4.234106505,3.828641396,6.925398714,6.921953998,0.693147181,0.693147181,2.066862759,2.747270914,1,0,0
0.5,17.9,0,1.916922612,2.525728644,44,1.098612289,3.295836866,4.290459441,3.526360525,6.927655941,6.926086236,0,0.693147181,2.104134154,2.867898902,0,0,0
0.5,20,0,1.974081026,2.525728644,31,1.098612289,2.302585093,4.248495242,3.135494216,6.934591933,6.932642994,0,0.693147181,2.208274414,2.985681938,0,0,0
4.6,22,0,1.686398954,2.48490665,41,1.945910149,2.995732274,4.418840608,3.258096538,6.937119888,6.933325555,0.693147181,1.098612289,2.397895273,3.109060959,0,0,0
8.2,22.4,0,1.85629799,2.501435952,31,1.098612289,2.890371758,4.262679877,3.433987204,6.936148353,6.932252751,0.693147181,1.386294361,2.681021529,3.072693315,0,0,0
4.5,23.9,0,1.757857918,2.541601993,30,1.609437912,2.48490665,4.219507705,3.33220451,6.934202449,6.930005888,0,1.609437912,2.610069793,3.148453361,0,0,0
6.7,26.1,0,1.974081026,2.140066163,68.5,1.945910149,3.526360525,4.043051268,3.871201011,6.929418919,6.924612396,1.609437912,2.079441542,2.850706502,3.186352633,0,0.405465108,1
11.9,21.1,0.405465108,2.028148247,2.140066163,41,2.079441542,3.218875825,4.418840608,4.127134385,6.927753965,6.925300458,2.079441542,1.386294361,2.740840024,3.015534901,1,0.405465108,0
9.2,19.6,0.405465108,1.481604541,2.433613355,31,1.609437912,2.079441542,4.276666119,3.761200116,6.930787978,6.928243945,2.079441542,1.609437912,2.533696814,2.965273066,0,0,0
4.4,21,0,1.648658626,2.58021683,28,1.098612289,2.302585093,4.304065093,3.433987204,6.934105054,6.930787978,0.693147181,0.693147181,2.360854001,3.005682604,0,0,0
5,24.1,0,1.974081026,2.564949357,52,0,3.295836866,4.304065093,3.555348061,6.932935578,6.929223186,1.945910149,0.693147181,2.533696814,3.131136911,0,0,0
6.7,24.7,0,1.85629799,2.261763098,43,1.609437912,3.044522438,4.394449155,3.465735903,6.934105054,6.93069025,0.693147181,2.079441542,2.617395833,3.206803244,0,0,0
8.3,28.5,0,1.916922612,2.379546134,46,1.098612289,3.295836866,4.204692619,3.433987204,6.932545448,6.928341913,0.693147181,1.945910149,2.879198457,3.346389145,0,0.182321557,0
11.3,27.4,0.182321557,2.151762203,2.57261223,52,1.945910149,3.465735903,4.110873864,3.044522438,6.929908084,6.926086236,0.693147181,0.693147181,2.856470206,3.306886702,0,0,0
9,20.6,0,2.302585093,1.974081026,39,2.48490665,2.48490665,4.007333185,3.36729583,6.930787978,6.927165673,2.079441542,1.791759469,2.517696473,2.970414466,0,0.405465108,0
3.4,15,0.405465108,1.757857918,2.541601993,68.5,3.198673118,3.63758616,3.784189634,3.218875825,6.931862354,6.931569457,0.693147181,1.791759469,2.2300144,2.727852828,0,0,0
3.2,18,0,2.128231706,2.58021683,48,3.198673118,2.772588722,3.871201011,3.258096538,6.934981265,6.931276474,0.693147181,1.098612289,2.312535424,2.850706502,0,0,0
0.9,20.7,0,1.85629799,2.240709689,39,1.098612289,2.890371758,4.276666119,3.401197382,6.931667099,6.926969498,1.386294361,2.197224577,2.341805806,3.000719815,0,0,0
3.3,25.5,0,1.824549292,2.468099531,43,1.609437912,2.995732274,4.060443011,2.833213344,6.927361809,6.92323485,0,1.386294361,2.564949357,3.250374492,0,0,0
7.9,26.1,0,2.054123734,1.504077397,43,0,2.995732274,3.828641396,3.044522438,6.926184414,6.922840916,1.791759469,2.197224577,2.850706502,3.292126287,0,0,0
9,30.7,0,2.151762203,2.57261223,68.5,2.079441542,3.795489189,3.676300672,2.772588722,6.92471072,6.919486202,0.693147181,1.386294361,3.063390922,3.433987204,0,0,0
7.1,28.4,0,2.533696814,2.617395833,48,1.098612289,2.995732274,3.828641396,3.135494216,6.928537818,6.92549696,0,0.693147181,2.901421594,3.374168709,0,0,0
12.5,19.9,0,2.240709689,1.840549633,43,2.48490665,2.302585093,4.158883083,3.871201011,6.932447892,6.931276474,1.386294361,1.098612289,2.740840024,2.960105096,0,0,0
12.5,26.9,0,1.791759469,2.091864062,46,1.945910149,3.36729583,4.248495242,3.688879454,6.929516771,6.924809034,1.945910149,2.079441542,2.821378886,3.292126287,0,0,0
12.3,30.2,0,1.945910149,2.610069793,68.5,3.198673118,3.583518938,3.784189634,2.63905733,6.918299493,6.91790361,0.693147181,0.693147181,3.210843653,3.387774361,0,0,0
